INSEE_COM;NOM_COM;IRIS;CODE_IRIS;NOM_IRIS;TYP_IRIS;ISIU_Area_IRIS_Km2;ISIU_Indice_1_PopLog_per_Km2_Normalise;ISIU_Indice_2_Volume_Batiment_Normalise;ISIU_Indice_3_Green_Space_Ratio_Normalise;ISIU_Indice_4_Shannon_Diversity_Normalise;ISIU_Indice_5_Transport_Roads_Ratio_Normalise;ISIU_Indice_6Normalise;Dimension_1_Humaine;Dimension_2_Qualite_Vie;Dimension_3_Accessibilite;ISIU_Globale_Normalise
13209;Marseille 9e Arrondissement;704;132090704;La Jarre-Roy d'Espagne;A;0.442;0;0.034024468;0.057;0.801;0.005;0.079;0.034024468;0.858;0.084;0.433811
13209;Marseille 9e Arrondissement;101;132090101;Beauvallon-Seigneurie;H;0.537;0;0.028279674;0;0.674;0.005;0.075;0.028279674;0.674;0.08;0.343894302
13209;Marseille 9e Arrondissement;405;132090405;Mazargues Village;H;0.265;0;0.057399588;0;0.713;0.012;0.125;0.057399588;0.713;0.137;0.401962286
13209;Marseille 9e Arrondissement;406;132090406;Michelet-de Lattre;H;0.4;0;0.036656691;0.047;0.87;0.007;0.103;0.036656691;0.917;0.11;0.474480996
13209;Marseille 9e Arrondissement;407;132090407;Martheline-La Soude;H;0.164;0;0.047723753;0.041;0.669;0.007;0.106;0.047723753;0.71;0.113;0.38494108
13209;Marseille 9e Arrondissement;408;132090408;Lanciers-Cyclamens;H;0.124;0;0.049814459;0.054;0.842;0.013;0.115;0.049814459;0.896;0.128;0.479195203
13209;Marseille 9e Arrondissement;701;132090701;Bengale-Fontclair;H;0.559;0;0.035581561;0.025;0.826;0.006;0.094;0.035581561;0.851;0.1;0.438710533
13213;Marseille 13e Arrondissement;803;132130803;Le Clos;H;0.306;0;0.06498041;0.016;0.792;0.009;0.151;0.06498041;0.808;0.16;0.460244176
13213;Marseille 13e Arrondissement;804;132130804;Métro La Rose;H;0.458;0;0.037528697;0.134;0.964;0.006;0.151;0.037528697;1.098;0.157;0.580700186
13213;Marseille 13e Arrondissement;903;132130903;Saint-Jérôme Pélabon;H;0.402;0;0.040046007;0.014;0.806;0.006;0.169;0.040046007;0.82;0.175;0.461202817
13213;Marseille 13e Arrondissement;904;132130904;Val d'Azur;H;0.368;0;0.037513152;0.016;0.772;0.006;0.172;0.037513152;0.788;0.178;0.446568461
13213;Marseille 13e Arrondissement;1102;132131102;Les Balustres;H;0.172;0;0.04822716;0.024;0.835;0.01;0.15;0.04822716;0.859;0.16;0.476138046
13213;Marseille 13e Arrondissement;1103;132131103;La Baronne;H;2.198;0;0.01964093;0.024;0.85;0.005;0.094;0.01964093;0.874;0.099;0.441522677
13213;Marseille 13e Arrondissement;103;132130103;Château-Gombert-Fumade;H;1.508;0;0.028054878;0.022;0.843;0.006;0.093;0.028054878;0.865;0.099;0.441250692
13214;Marseille 14e Arrondissement;401;132140401;La Batarelle;H;0.82;0;0.01435396;0.136;0.836;0.004;0.034;0.01435396;0.972;0.038;0.456240652
13214;Marseille 14e Arrondissement;402;132140402;Guynemer;H;0.904;0;0.023728232;0.032;0.896;0.004;0.087;0.023728232;0.928;0.091;0.464768127
13213;Marseille 13e Arrondissement;501;132130501;Les Mourets;H;4.282;0;0.003614661;0;0.373;0.001;0;0.003614661;0.373;0.001;0.156089815
13213;Marseille 13e Arrondissement;701;132130701;Palama;H;4.973;0;0.003116979;0.004;0.566;0.001;0.001;0.003116979;0.57;0.002;0.247750375
13213;Marseille 13e Arrondissement;902;132130902;Normandie-Niémen;H;0.573;0;0.046894731;0.043;0.854;0.007;0.166;0.046894731;0.897;0.173;0.499188699
13213;Marseille 13e Arrondissement;1101;132131101;Les Prairies;H;0.463;0;0.040175375;0.013;0.859;0.005;0.101;0.040175375;0.872;0.106;0.453373179
13203;Marseille 3e Arrondissement;304;132030304;Briancon;A;0.231;0;0.131286514;0.185;0.959;0.006;0.155;0.131286514;1.144;0.161;0.647417995
13203;Marseille 3e Arrondissement;302;132030302;Arzial-La Butte;H;0.215;0;0.099505686;0.033;0.898;0.007;0.194;0.099505686;0.931;0.201;0.552379489
13203;Marseille 3e Arrondissement;303;132030303;Pyat Auphan;H;0.172;0;0.070131545;0.137;0.954;0.008;0.175;0.070131545;1.091;0.183;0.604648998
13203;Marseille 3e Arrondissement;401;132030401;Potier;H;0.125;0.001;0.125706917;0.097;0.926;0.007;0.216;0.126706917;1.023;0.223;0.61791079
13203;Marseille 3e Arrondissement;402;132030402;Peyssonnel;H;0.167;0.001;0.236726686;0.078;0.914;0.006;0.199;0.237726686;0.992;0.205;0.646694081
13203;Marseille 3e Arrondissement;403;132030403;Fonscolombes;H;0.088;0.001;0.162642598;0.008;0.807;0.005;0.185;0.163642598;0.815;0.19;0.523204814
13207;Marseille 7e Arrondissement;101;132070101;Oriol-Baudille;H;0.37;0;0.050167306;0;0.617;0.007;0.141;0.050167306;0.617;0.148;0.359157408
13207;Marseille 7e Arrondissement;201;132070201;Valmer;H;0.251;0;0.05852197;0.27;0.91;0.008;0.123;0.05852197;1.18;0.131;0.61643266
13207;Marseille 7e Arrondissement;202;132070202;Malmousque-Pêcheurs;H;0.255;0;0.069328112;0.006;0.784;0.011;0.265;0.069328112;0.79;0.276;0.507743606
13207;Marseille 7e Arrondissement;203;132070203;Vallon des Auffes;H;0.117;0;0.097812746;0.061;0.672;0.01;0.116;0.097812746;0.733;0.126;0.424894866
13207;Marseille 7e Arrondissement;403;132070403;César Aleman;H;0.111;0.001;0.175206446;0;0.866;0.008;0.142;0.176206446;0.866;0.15;0.534140765
13207;Marseille 7e Arrondissement;601;132070601;Samatan;H;0.117;0.001;0.12641073;0;0.685;0.01;0.145;0.12741073;0.685;0.155;0.429813376
13207;Marseille 7e Arrondissement;602;132070602;Crinas-Saint-Eugène;H;0.089;0.001;0.16857854;0;0.768;0.009;0.173;0.16957854;0.768;0.182;0.500434251
13211;Marseille 11e Arrondissement;802;132110802;Z.I. Saint-Menet;A;1.68;0;0.025903202;0.068;0.626;0.004;0.049;0.025903202;0.694;0.053;0.339542694
13211;Marseille 11e Arrondissement;1102;132111102;Centres Commerciaux la Valentine;A;0.93;0;0.066576467;0;0.748;0.008;0.075;0.066576467;0.748;0.083;0.397403388
13211;Marseille 11e Arrondissement;101;132110101;Les Accates;H;1.807;0;0.012874372;0.021;0.828;0.003;0.047;0.012874372;0.849;0.05;0.404039027
13002;Allauch;106;130020106;Golf-Embus-Enco de Botte-Bellons;H;0.002;0.022;0.002039964;0;0.194;0.404;0.508;0.024039964;0.194;0.912;0.505289384
13212;Marseille 12e Arrondissement;701;132120701;Enco de Botte;H;2.15;0;0.017119722;0.031;0.86;0.004;0.039;0.017119722;0.891;0.043;0.422252741
13211;Marseille 11e Arrondissement;704;132110704;Les Libérateurs;H;1.542;0;0.017102803;0.008;0.772;0.004;0.08;0.017102803;0.78;0.084;0.389757983
13211;Marseille 11e Arrondissement;1101;132111101;Valentine Village;H;2.545;0;0.011321655;0.01;0.726;0.004;0.036;0.011321655;0.736;0.04;0.346234279
13215;Marseille 15e Arrondissement;103;132150103;Montléric Gherzo;H;1.204;0;0.013103489;0.034;0.822;0.004;0.067;0.013103489;0.856;0.071;0.417140122
13215;Marseille 15e Arrondissement;202;132150202;La Mure;H;0.852;0;0.014389748;0.024;0.784;0.004;0.069;0.014389748;0.808;0.073;0.396388535
13216;Marseille 16e Arrondissement;301;132160301;Grawitz Labro;H;0.506;0;0.044521883;0.058;0.825;0.006;0.079;0.044521883;0.883;0.085;0.450749401
13216;Marseille 16e Arrondissement;302;132160302;Séon;H;2.195;0;0.063543297;0.009;0.859;0.003;0.142;0.063543297;0.868;0.145;0.480461653
13215;Marseille 15e Arrondissement;801;132150801;Résidence Nord;H;0.154;0;0.046079613;0.103;0.789;0.01;0.092;0.046079613;0.892;0.102;0.463538906
13215;Marseille 15e Arrondissement;803;132150803;Plan d'Aou-Mimet;H;0.623;0;0.038510163;0.017;0.769;0.006;0.098;0.038510163;0.786;0.104;0.411759675
13215;Marseille 15e Arrondissement;901;132150901;Créneaux-Parc Saint-Louis;H;0.69;0;0.051536215;0.017;0.764;0.005;0.107;0.051536215;0.781;0.112;0.419197344
13215;Marseille 15e Arrondissement;903;132150903;Cité et Résidence Saint-Louis;H;0.421;0;0.048433907;0.05;0.898;0.007;0.093;0.048433907;0.948;0.1;0.489692858
13215;Marseille 15e Arrondissement;1001;132151001;La Bricarde;H;0.247;0;0.04141452;0.091;0.842;0.005;0.058;0.04141452;0.933;0.063;0.46230204
13215;Marseille 15e Arrondissement;1101;132151101;Cités de la Viste;H;0.165;0;0.04349618;0.095;0.917;0.005;0.093;0.04349618;1.012;0.098;0.516175382
13215;Marseille 15e Arrondissement;1102;132151102;La Viste Village;H;1.438;0;0.080066304;0.358;0.945;0.005;0.08;0.080066304;1.303;0.085;0.662166953
13205;Marseille 5e Arrondissement;305;132050305;Hôpital La Conception;A;0.122;0;0.156179756;0.024;0.749;0.008;0.202;0.156179756;0.773;0.21;0.509531149
13205;Marseille 5e Arrondissement;104;132050104;Baille-Bravet;H;0.083;0.001;0.152436474;0.056;0.883;0.006;0.18;0.153436474;0.939;0.186;0.574160004
13205;Marseille 5e Arrondissement;206;132050206;Barry-Camas;H;0.095;0.001;0.155478467;0.05;0.848;0.011;0.197;0.156478467;0.898;0.208;0.566753915
13205;Marseille 5e Arrondissement;207;132050207;Olivier-Chave;H;0.111;0.001;0.171427214;0.012;0.618;0.01;0.251;0.172427214;0.63;0.261;0.474374497
13205;Marseille 5e Arrondissement;301;132050301;Astruc;H;0.085;0.001;0.173777853;0;0.392;0.009;0.224;0.174777853;0.392;0.233;0.352015183
13205;Marseille 5e Arrondissement;302;132050302;Ferrari;H;0.072;0.001;0.178341106;0;0.442;0.008;0.25;0.179341106;0.442;0.258;0.388940382
13212;Marseille 12e Arrondissement;304;132120304;Bois Lemaître;H;0.363;0;0.038131901;0.29;1;0.005;0.124;0.038131901;1.29;0.129;0.657092311
13212;Marseille 12e Arrondissement;601;132120601;Les Bougainvilliers;H;0.264;0;0.039602506;0;0.734;0.006;0.111;0.039602506;0.734;0.117;0.394166783
13213;Marseille 13e Arrondissement;601;132130601;Saint-Théodore;H;0.473;0;0.024256193;0.114;0.895;0.005;0.131;0.024256193;1.009;0.136;0.523489583
13212;Marseille 12e Arrondissement;602;132120602;La Comtesse;H;0.757;0;0.027655808;0.037;0.8;0.005;0.098;0.027655808;0.837;0.103;0.429927116
13213;Marseille 13e Arrondissement;604;132130604;Fondacle;H;0.341;0;0.026980649;0.008;0.727;0.005;0.082;0.026980649;0.735;0.087;0.374850135
13213;Marseille 13e Arrondissement;605;132130605;Ravelle-Mont Riant;H;0.709;0;0.025775878;0.217;0.713;0.005;0.098;0.025775878;0.93;0.103;0.472215818
13213;Marseille 13e Arrondissement;607;132130607;La Maurelle;H;0.379;0;0.034236263;0.039;0.747;0.006;0.105;0.034236263;0.786;0.111;0.413024854
13213;Marseille 13e Arrondissement;805;132130805;Les Jonquilles;H;0.452;0;0.036188624;0.046;0.916;0.005;0.14;0.036188624;0.962;0.145;0.511391659
13209;Marseille 9e Arrondissement;409;132090409;E.D.F. Viton;A;0.03;0;0.199068488;0;0.693;0.009;0.128;0.199068488;0.693;0.137;0.458428658
13209;Marseille 9e Arrondissement;809;132090809;Les Hôpitaux-C.N.R.S.;A;0.654;0;0.062073795;0.139;0.822;0.006;0.131;0.062073795;0.961;0.137;0.519228044
13209;Marseille 9e Arrondissement;201;132090201;Val des Bois;H;0.761;0;0.026625278;0.223;0.929;0.005;0.083;0.026625278;1.152;0.088;0.568678444
13209;Marseille 9e Arrondissement;202;132090202;Village du Cabot-Campagne Berger;H;0.497;0;0.046798161;0.096;0.805;0.008;0.114;0.046798161;0.901;0.122;0.477331244
13209;Marseille 9e Arrondissement;203;132090203;Allée des Pins;H;0.292;0;0.057841244;0.281;0.9;0.007;0.11;0.057841244;1.181;0.117;0.610083454
13209;Marseille 9e Arrondissement;402;132090402;La Verdière-Aiguier;H;0.42;0;0.040329446;0.019;0.858;0.005;0.132;0.040329446;0.877;0.137;0.470152235
13209;Marseille 9e Arrondissement;403;132090403;Château-Sec-Montval;H;0.238;0;0.04142037;0.118;0.931;0.007;0.115;0.04142037;1.049;0.122;0.543522019
13209;Marseille 9e Arrondissement;805;132090805;Cravache-Le Brix;H;0.184;0;0.066865883;0.003;0.803;0.011;0.154;0.066865883;0.806;0.165;0.462511517
13209;Marseille 9e Arrondissement;806;132090806;Jean Boin-Roseraie;H;0.169;0;0.069563956;0.003;0.67;0.008;0.144;0.069563956;0.673;0.152;0.396005286
13209;Marseille 9e Arrondissement;807;132090807;Vert Pré;H;0.354;0;0.044507743;0.046;0.862;0.006;0.123;0.044507743;0.908;0.129;0.482765646
13209;Marseille 9e Arrondissement;808;132090808;Sévigné-Trioulet;H;0.187;0;0.062286045;0.224;0.968;0.006;0.136;0.062286045;1.192;0.142;0.628853831
13209;Marseille 9e Arrondissement;104;132090104;Calanque de Morgiou Partie Ouest;D;4.418;0;0.000614645;0.097;0.781;0.001;0.043;0.000614645;0.878;0.044;0.409023573
13209;Marseille 9e Arrondissement;603;132090603;Calanque de Morgiou Partie Est;D;7.243;0;0.001359177;0.004;0.564;0.001;0.021;0.001359177;0.568;0.022;0.255288357
13209;Marseille 9e Arrondissement;901;132090901;Vaufrèges-Léon Lachamp;D;0.85;0;0.007771851;0.002;0.5;0.002;0.01;0.007771851;0.502;0.012;0.222992973
13209;Marseille 9e Arrondissement;902;132090902;Calanque de Port Pin;D;18.977;0;3.76E-05;0;0.119;0;0;3.76E-05;0.119;0;0.036084543
13209;Marseille 9e Arrondissement;602;132090602;Domaine de Luminy;H;1.559;0;0.021981541;0.085;0.679;0.004;0.031;0.021981541;0.764;0.035;0.361855786
13212;Marseille 12e Arrondissement;101;132120101;Mirabelle-Anémones;H;1.374;0;0.022576419;0.047;0.851;0.005;0.094;0.022576419;0.898;0.099;0.454023402
13212;Marseille 12e Arrondissement;103;132120103;La Grande Bastide Cazaulx;H;0.377;0;0.043456181;0.101;0.819;0.009;0.11;0.043456181;0.92;0.119;0.483205814
13211;Marseille 11e Arrondissement;606;132110606;Bel Ombre;H;0.621;0;0.041688435;0.04;0.879;0.004;0.113;0.041688435;0.919;0.117;0.48099311
13211;Marseille 11e Arrondissement;607;132110607;Campanules-Faïenciers;H;0.171;0;0.055019239;0.002;0.652;0.009;0.124;0.055019239;0.654;0.133;0.371619354
13211;Marseille 11e Arrondissement;608;132110608;Sainte-Madeleine;H;0.164;0;0.055404306;0.024;0.825;0.01;0.113;0.055404306;0.849;0.123;0.457656313
13211;Marseille 11e Arrondissement;609;132110609;William Booth;H;0.196;0;0.037753343;0;0.761;0.011;0.105;0.037753343;0.761;0.116;0.405375153
13211;Marseille 11e Arrondissement;703;132110703;Collet des Comtes;H;0.323;0;0.031424113;0.041;0.721;0.007;0.084;0.031424113;0.762;0.091;0.391299399
13208;Marseille 8e Arrondissement;502;132080502;Le Palm Beach;D;0.27;0;0.013395375;0.469;0.905;0.007;0.076;0.013395375;1.374;0.083;0.663247871
13207;Marseille 7e Arrondissement;102;132070102;Amédée Autran;H;0.22;0;0.062530024;0.003;0.653;0.009;0.195;0.062530024;0.656;0.204;0.4089843
13207;Marseille 7e Arrondissement;501;132070501;Estrangin;H;0.685;0;0.03547896;0.003;0.59;0.004;0.123;0.03547896;0.593;0.127;0.331456127
13207;Marseille 7e Arrondissement;502;132070502;Roches-Prophète;H;0.532;0;0.038262983;0.037;0.869;0.006;0.201;0.038262983;0.906;0.207;0.515138958
13206;Marseille 6e Arrondissement;603;132060603;Notre-Dame de la Garde;H;0.215;0;0.080029739;0.043;0.762;0.011;0.223;0.080029739;0.805;0.234;0.500179553
13207;Marseille 7e Arrondissement;604;132070604;Dellepiane;H;0.161;0;0.099732294;0;0.691;0.009;0.215;0.099732294;0.691;0.224;0.45177525
13207;Marseille 7e Arrondissement;701;132070701;Tellène;H;0.177;0;0.09980749;0.095;0.754;0.008;0.238;0.09980749;0.849;0.246;0.535347905
13204;Marseille 4e Arrondissement;201;132040201;Banon-Roux;H;0.125;0.001;0.105939773;0;0.718;0.01;0.195;0.106939773;0.718;0.205;0.45883302
13204;Marseille 4e Arrondissement;202;132040202;Sainte-Agnès;H;0.182;0;0.099050351;0.007;0.7;0.011;0.162;0.099050351;0.707;0.173;0.435215308
13204;Marseille 4e Arrondissement;203;132040203;Chartreux Arras;H;0.108;0.001;0.125349292;0.017;0.819;0.007;0.197;0.126349292;0.836;0.204;0.522140494
13204;Marseille 4e Arrondissement;204;132040204;Les Nouveaux Chartreux;H;0.096;0.001;0.16167805;0.025;0.863;0.01;0.184;0.16267805;0.888;0.194;0.558492765
13204;Marseille 4e Arrondissement;301;132040301;Léglize-Chutes Lavie;H;0.127;0.001;0.097629512;0.478;0.932;0.008;0.189;0.098629512;1.41;0.197;0.772419717
13204;Marseille 4e Arrondissement;401;132040401;Trois Frères Carasso;H;0.139;0.001;0.170407031;0;0.764;0.009;0.224;0.171407031;0.764;0.233;0.523095488
13204;Marseille 4e Arrondissement;404;132040404;Palais Longchamp;H;0.239;0;0.094950789;0.786;0.968;0.011;0.228;0.094950789;1.754;0.239;0.949854507
13205;Marseille 5e Arrondissement;101;132050101;Brun Brandis;H;0.093;0.001;0.158112437;0;0.568;0.01;0.181;0.159112437;0.568;0.191;0.406934104
13205;Marseille 5e Arrondissement;102;132050102;Sainte-Cécile;H;0.133;0.001;0.123272772;0.007;0.796;0.009;0.176;0.124272772;0.803;0.185;0.497043654
13205;Marseille 5e Arrondissement;105;132050105;Antoine Maille;H;0.069;0.001;0.176002279;0;0.573;0.009;0.189;0.177002279;0.573;0.198;0.42080594
13210;Marseille 10e Arrondissement;201;132100201;Toulon-Galinat;H;0.232;0.001;0.116229007;0.009;0.809;0.012;0.154;0.117229007;0.818;0.166;0.491918258
13206;Marseille 6e Arrondissement;202;132060202;Le Méditerranée;H;0.115;0.001;0.193488001;0.125;0.814;0.007;0.213;0.194488001;0.939;0.22;0.608991317
13206;Marseille 6e Arrondissement;203;132060203;Gouffe;H;0.083;0.001;0.190019826;0;0.729;0.011;0.207;0.191019826;0.729;0.218;0.508992827
13205;Marseille 5e Arrondissement;304;132050304;Pauriol-Vertus;H;0.086;0.001;0.175221804;0;0.694;0.008;0.207;0.176221804;0.694;0.215;0.484489337
13216;Marseille 16e Arrondissement;105;132160105;La Nerthe;D;1.695;0;0.002154624;0.002;0.548;0.001;0.026;0.002154624;0.55;0.027;0.24962424
13216;Marseille 16e Arrondissement;101;132160101;Château Bovis;H;1.031;0;0.015858281;0.021;0.81;0.003;0.069;0.015858281;0.831;0.072;0.40728025
13071;Les Pennes-Mirabeau;107;130710107;Jas de Rhodes-Grande Colle;H;0.004;0.007;0;0;0.3;0.109;1;0.007;0.3;1.109;0.638003051
13216;Marseille 16e Arrondissement;201;132160201;Les Riaux;H;6.029;0;0.001805488;0.003;0.483;0.001;0;0.001805488;0.486;0.001;0.207693328
13216;Marseille 16e Arrondissement;403;132160403;La Pelouque;H;0.987;0;0.026384991;0.063;0.884;0.006;0.069;0.026384991;0.947;0.075;0.467393421
13212;Marseille 12e Arrondissement;102;132120102;Les Comtes-Eydalin;H;0.346;0;0.029012228;0.063;0.859;0.008;0.072;0.029012228;0.922;0.08;0.459330745
13212;Marseille 12e Arrondissement;201;132120201;Dessuard-Rosière;H;0.545;0;0.040792074;0.039;0.846;0.007;0.133;0.040792074;0.885;0.14;0.475472025
13212;Marseille 12e Arrondissement;202;132120202;Fourragère-Borromées-Vendôme;H;0.638;0;0.044158479;0.049;0.875;0.007;0.124;0.044158479;0.924;0.131;0.490957328
13212;Marseille 12e Arrondissement;603;132120603;Beaumont;H;0.608;0;0.028896235;0.015;0.796;0.004;0.147;0.028896235;0.811;0.151;0.440712967
13211;Marseille 11e Arrondissement;603;132110603;La Grognarde;H;0.128;0;0.068271527;0.129;0.779;0.011;0.119;0.068271527;0.908;0.13;0.494258484
13212;Marseille 12e Arrondissement;604;132120604;Rougemont-Les Amandiers;H;0.617;0;0.032460067;0.062;0.855;0.005;0.113;0.032460067;0.917;0.118;0.476246138
13212;Marseille 12e Arrondissement;702;132120702;Esperanza;H;1.134;0;0.019071531;0.017;0.767;0.003;0.054;0.019071531;0.784;0.057;0.379997398
13207;Marseille 7e Arrondissement;401;132070401;Saint-Nicolas;H;0.158;0;0.111773502;0.034;0.889;0.007;0.181;0.111773502;0.923;0.188;0.548326894
13207;Marseille 7e Arrondissement;603;132070603;Tobelem-Endoume;H;0.076;0.001;0.197273187;0;0.72;0.008;0.211;0.198273187;0.72;0.219;0.508646313
13207;Marseille 7e Arrondissement;703;132070703;La Criée;H;0.151;0;0.14964335;0.016;0.788;0.014;0.235;0.14964335;0.804;0.249;0.538984517
13213;Marseille 13e Arrondissement;303;132130303;Tilleuls-Valmont;H;0.594;0;0.03770843;0.03;0.884;0.008;0.14;0.03770843;0.914;0.148;0.49121256
13213;Marseille 13e Arrondissement;806;132130806;Frais Vallon;H;0.29;0;0.047214721;0.048;0.824;0.008;0.164;0.047214721;0.872;0.172;0.487270641
13211;Marseille 11e Arrondissement;705;132110705;Z.I. Saint-Marcel;A;0.777;0;0.03716104;0.023;0.745;0.003;0.085;0.03716104;0.768;0.088;0.395354194
13211;Marseille 11e Arrondissement;201;132110201;La Barasse;H;0.815;0;0.028088253;0.014;0.877;0.005;0.04;0.028088253;0.891;0.045;0.428271418
13211;Marseille 11e Arrondissement;701;132110701;Saint-Marcel Haut;H;0.346;0;0.032485057;0.004;0.766;0.007;0.048;0.032485057;0.77;0.055;0.378797019
13211;Marseille 11e Arrondissement;702;132110702;Saint-Marcel Village;H;0.295;0;0.045300191;0.143;0.973;0.006;0.067;0.045300191;1.116;0.073;0.553676415
13211;Marseille 11e Arrondissement;1001;132111001;Lanfranchi-Bonfort;H;0.242;0;0.045750434;0.016;0.802;0.006;0.084;0.045750434;0.818;0.09;0.423473651
13211;Marseille 11e Arrondissement;1003;132111003;Michelis-Saint-Jacques;H;0.261;0;0.050586997;0.105;0.954;0.007;0.094;0.050586997;1.059;0.101;0.542671153
13209;Marseille 9e Arrondissement;502;132090502;La Panouse;D;1.15;0;0.009885892;0.001;0.668;0.001;0.028;0.009885892;0.669;0.029;0.309368248
13209;Marseille 9e Arrondissement;103;132090103;Maison d'Arrêt;H;1.122;0;0.000296825;0;0.12;0;0.03;0.000296825;0.12;0.03;0.050591914
13209;Marseille 9e Arrondissement;204;132090204;Valmante-Colline Saint-Joseph;H;0.433;0;0.041218751;0.297;0.963;0.005;0.089;0.041218751;1.26;0.094;0.628358502
13209;Marseille 9e Arrondissement;404;132090404;Valmante-Hespérides;H;0.312;0;0.064513849;0.036;0.62;0.005;0.109;0.064513849;0.656;0.114;0.368136112
13209;Marseille 9e Arrondissement;501;132090501;Parc des Cèdres-Panouse;H;0.35;0;0.04141852;0.127;0.769;0.005;0.082;0.04141852;0.896;0.087;0.456270614
13209;Marseille 9e Arrondissement;503;132090503;La Rouvière;H;0.125;0.001;0.10015281;0.482;0.888;0.006;0.067;0.10115281;1.37;0.073;0.697478598
13209;Marseille 9e Arrondissement;601;132090601;Lotissement Mireille-Clairval;H;0.842;0;0.030270554;0.005;0.786;0.004;0.066;0.030270554;0.791;0.07;0.394476822
13210;Marseille 10e Arrondissement;501;132100501;La Sauvagère-Sainte-Geneviève;H;0.115;0.001;0.079226738;0.035;0.69;0.005;0.145;0.080226738;0.725;0.15;0.424158801
13210;Marseille 10e Arrondissement;502;132100502;Campagne La Rose;H;0.292;0;0.04845001;0.133;0.874;0.009;0.124;0.04845001;1.007;0.133;0.532397407
13210;Marseille 10e Arrondissement;503;132100503;La Sauvagère-Bellevue;H;0.204;0;0.052383682;0.169;0.84;0.006;0.136;0.052383682;1.009;0.142;0.539328105
13210;Marseille 10e Arrondissement;504;132100504;La Marguerite;H;0.204;0;0.053535565;0.021;0.748;0.006;0.089;0.053535565;0.769;0.095;0.406666379
13210;Marseille 10e Arrondissement;506;132100506;Jean Perrin;H;0.534;0;0.05526288;0.27;0.964;0.009;0.123;0.05526288;1.234;0.132;0.640445547
13208;Marseille 8e Arrondissement;303;132080303;Campagne Pastre;D;2.163;0;0.002038689;0.746;0.648;0.002;0.022;0.002038689;1.394;0.024;0.639877401
13208;Marseille 8e Arrondissement;601;132080601;Port de la Pointe Rouge;H;0.505;0;0.034770266;0.032;0.803;0.005;0.047;0.034770266;0.835;0.052;0.408631698
13208;Marseille 8e Arrondissement;602;132080602;Marseilleveyre;H;0.564;0;0.03439793;0.208;0.798;0.004;0.054;0.03439793;1.006;0.058;0.490604359
13208;Marseille 8e Arrondissement;603;132080603;Les Tours Granados;H;0.612;0;0.016745896;0.004;0.641;0.002;0.035;0.016745896;0.645;0.037;0.305126388
13208;Marseille 8e Arrondissement;604;132080604;Roy d'Espagne Chabrier;H;0.372;0;0.026891947;0.009;0.667;0.004;0.072;0.026891947;0.676;0.076;0.342322063
13208;Marseille 8e Arrondissement;1001;132081001;Zénatti-Floralia;H;0.355;0;0.053004846;0.055;0.896;0.006;0.102;0.053004846;0.951;0.108;0.49691931
13208;Marseille 8e Arrondissement;1003;132081003;Antilles Résidence;H;0.295;0;0.046876814;0.003;0.665;0.009;0.08;0.046876814;0.668;0.089;0.353917506
13208;Marseille 8e Arrondissement;402;132080402;Mermoz-Prado;H;0.077;0.001;0.199098768;0.006;0.804;0.007;0.179;0.200098768;0.81;0.186;0.535947186
13208;Marseille 8e Arrondissement;403;132080403;Lord Duveen;H;0.141;0.001;0.155762432;0.017;0.795;0.006;0.186;0.156762432;0.812;0.192;0.51954764
13208;Marseille 8e Arrondissement;701;132080701;Turcat Méry;H;0.131;0.001;0.190592907;0;0.647;0.007;0.207;0.191592907;0.647;0.214;0.469346309
13208;Marseille 8e Arrondissement;704;132080704;Louvain;H;0.134;0.001;0.174585006;0;0.754;0.005;0.189;0.175585006;0.754;0.194;0.502293647
13208;Marseille 8e Arrondissement;805;132080805;Mermoz-Grand Pavois;H;0.179;0.001;0.171942345;0;0.77;0.007;0.149;0.172942345;0.77;0.156;0.490857021
13214;Marseille 14e Arrondissement;201;132140201;La Marine;H;0.176;0;0.052380317;0.072;0.934;0.008;0.163;0.052380317;1.006;0.171;0.551393108
13214;Marseille 14e Arrondissement;202;132140202;Gibbes;H;0.168;0;0.094580752;0;0.72;0.008;0.176;0.094580752;0.72;0.184;0.444279341
13214;Marseille 14e Arrondissement;203;132140203;Églantines-Rosiers;H;0.143;0;0.06567534;0;0.759;0.009;0.175;0.06567534;0.759;0.184;0.448964226
13214;Marseille 14e Arrondissement;204;132140204;Saint-Gabriel;H;0.105;0;0.080408316;0.036;0.54;0.011;0.173;0.080408316;0.576;0.184;0.370871726
13214;Marseille 14e Arrondissement;205;132140205;La Glacière;H;0.225;0;0.06596426;0.047;0.918;0.006;0.162;0.06596426;0.965;0.168;0.537277057
13214;Marseille 14e Arrondissement;506;132140506;Parc Saint-Barthélemy SNCF;H;0.196;0;0.041824926;0.084;0.939;0.006;0.159;0.041824926;1.023;0.165;0.551599451
13214;Marseille 14e Arrondissement;507;132140507;Villecroze;H;0.35;0;0.054504067;0.05;0.933;0.005;0.175;0.054504067;0.983;0.18;0.545881356
13205;Marseille 5e Arrondissement;201;132050201;George-Verdun;A;0.042;0;0.089602621;0.144;0.924;0.017;0.198;0.089602621;1.068;0.215;0.617862386
13204;Marseille 4e Arrondissement;101;132040101;Chemin de Fer;H;0.2;0;0.069763105;0.013;0.833;0.005;0.208;0.069763105;0.846;0.213;0.504696795
13204;Marseille 4e Arrondissement;102;132040102;Chave Foch;H;0.103;0.001;0.127745576;0.023;0.852;0.008;0.198;0.128745576;0.875;0.206;0.542280651
13204;Marseille 4e Arrondissement;103;132040103;Vallier;H;0.159;0;0.108790521;0.155;0.934;0.008;0.212;0.108790521;1.089;0.22;0.63883403
13205;Marseille 5e Arrondissement;401;132050401;Jean Martin;H;0.13;0.001;0.13051208;0.01;0.768;0.01;0.18;0.13151208;0.778;0.19;0.491121434
13205;Marseille 5e Arrondissement;402;132050402;Riviera-Facultés;H;0.104;0.001;0.137681111;0.003;0.765;0.011;0.166;0.138681111;0.768;0.177;0.483774303
13205;Marseille 5e Arrondissement;403;132050403;Louis Loucheur;H;0.275;0;0.097621801;0.016;0.868;0.005;0.154;0.097621801;0.884;0.159;0.5102004
13207;Marseille 7e Arrondissement;301;132070301;Les Îles;H;1.873;0;0.003558766;0.004;0.577;0.001;0.246;0.003558766;0.581;0.247;0.366764662
13203;Marseille 3e Arrondissement;104;132030104;Loubon;H;0.126;0.001;0.148135397;0.03;0.763;0.005;0.217;0.149135397;0.793;0.222;0.521113029
13203;Marseille 3e Arrondissement;205;132030205;Kléber;H;0.098;0.001;0.177092604;0.089;0.823;0.008;0.243;0.178092604;0.912;0.251;0.60323863
13203;Marseille 3e Arrondissement;301;132030301;Jet d'Eau-Barbini;H;0.127;0.001;0.11694313;0.051;0.85;0.007;0.186;0.11794313;0.901;0.193;0.543300533
13211;Marseille 11e Arrondissement;1004;132111004;Les Hauts de Saint-Jacques;D;0.784;0;0.002690705;0.004;0.237;0.001;0.047;0.002690705;0.241;0.048;0.116212623
13211;Marseille 11e Arrondissement;1002;132111002;Heckel;H;0.235;0;0.040881505;0;0.443;0.008;0.066;0.040881505;0.443;0.074;0.239751414
13211;Marseille 11e Arrondissement;1005;132111005;Néréides-Bosquet;H;0.125;0;0.048162884;0.035;0.73;0.007;0.048;0.048162884;0.765;0.055;0.383752584
13214;Marseille 14e Arrondissement;301;132140301;R.P. Moretti;H;0.456;0;0.047247986;0.152;0.946;0.006;0.181;0.047247986;1.098;0.187;0.599133854
13214;Marseille 14e Arrondissement;302;132140302;Casanova;H;0.609;0;0.055565131;0;0.748;0.004;0.164;0.055565131;0.748;0.168;0.431741428
13214;Marseille 14e Arrondissement;303;132140303;États-Unis;H;0.195;0;0.072276175;0;0.693;0.009;0.18;0.072276175;0.693;0.189;0.423717646
13203;Marseille 3e Arrondissement;305;132030305;Bellevue Caravelle;H;0.015;0.002;0.165419017;0.095;0.83;0.006;0.167;0.167419017;0.925;0.173;0.56811862
13203;Marseille 3e Arrondissement;101;132030101;Ricard-Guigou;H;0.195;0;0.070979649;0.083;0.897;0.007;0.193;0.070979649;0.98;0.2;0.561417329
13203;Marseille 3e Arrondissement;102;132030102;Les Friches-Cadenat;H;0.221;0;0.164719203;0.134;0.913;0.005;0.221;0.164719203;1.047;0.226;0.648082904
13203;Marseille 3e Arrondissement;103;132030103;Les Casernes;H;0.143;0.001;0.119935115;0.025;0.86;0.005;0.234;0.120935115;0.885;0.239;0.558612069
13203;Marseille 3e Arrondissement;105;132030105;Caffo Révolution;H;0.14;0.001;0.122243209;0.003;0.738;0.011;0.18;0.123243209;0.741;0.191;0.470576311
13213;Marseille 13e Arrondissement;102;132130102;Château-Gombert-Technopole;H;1.308;0;0.026222257;0.008;0.751;0.006;0.091;0.026222257;0.759;0.097;0.39027752
13075;Plan-de-Cuques;102;130750102;Sud;H;0.001;0.026;0.053689114;0;0.084;0.474;0.926;0.079689114;0.084;1.4;0.70654537
13075;Plan-de-Cuques;104;130750104;Ouest;H;0.001;0.028;0;0;0;0.595;0.157;0.028;0;0.752;0.342836308
13213;Marseille 13e Arrondissement;201;132130201;Les Vieux Cyprès;H;0.79;0;0.029939504;0.239;0.965;0.008;0.127;0.029939504;1.204;0.135;0.616162339
13213;Marseille 13e Arrondissement;401;132130401;Les Médecins;H;3.01;0;0.004863757;0;0.537;0.002;0.018;0.004863757;0.537;0.02;0.241599572
13212;Marseille 12e Arrondissement;501;132120501;Saint-Jean du Désert;H;1.165;0;0.041424234;0.03;0.872;0.006;0.132;0.041424234;0.902;0.138;0.482726889
13211;Marseille 11e Arrondissement;601;132110601;Air Bel-Clémentine;H;0.088;0;0.193870165;0;0.532;0.009;0.1;0.193870165;0.532;0.109;0.368301478
13211;Marseille 11e Arrondissement;602;132110602;Air Bel-Pommeraie;H;0.168;0;0.167482267;0.012;0.639;0.011;0.113;0.167482267;0.651;0.124;0.418244109
13209;Marseille 9e Arrondissement;703;132090703;Calanque de Sormiou;D;6.547;0;0.00146814;0.002;0.341;0.001;0.005;0.00146814;0.343;0.006;0.143491151
13208;Marseille 8e Arrondissement;201;132080201;Les Goudes;H;6.722;0;0.000831523;0.001;0.302;0;0.013;0.000831523;0.303;0.013;0.127880443
13208;Marseille 8e Arrondissement;301;132080301;La Verrerie;H;0.653;0;0.022625729;0.031;0.82;0.004;0.023;0.022625729;0.851;0.027;0.398818547
13208;Marseille 8e Arrondissement;302;132080302;Engalière-Carthage;H;0.566;0;0.039379518;0.012;0.729;0.005;0.034;0.039379518;0.741;0.039;0.36111229
13213;Marseille 13e Arrondissement;802;132130802;Val Plan;H;0.113;0;0.06028988;0.181;0.968;0.01;0.136;0.06028988;1.149;0.146;0.609827566
13201;Marseille 1er Arrondissement;301;132010301;Rome;A;0.037;0;0.312350723;0;0.583;0.019;0.285;0.312350723;0.583;0.304;0.537456414
13206;Marseille 6e Arrondissement;501;132060501;Félix Baret;A;0.089;0;0.257071181;0.048;0.876;0.01;0.266;0.257071181;0.924;0.276;0.657064131
13201;Marseille 1er Arrondissement;302;132010302;Gare de l'Est;H;0.067;0.001;0.293167019;0;0.624;0.016;0.261;0.294167019;0.624;0.277;0.535514762
13201;Marseille 1er Arrondissement;303;132010303;Domaine Ventre;H;0.046;0.001;0.293974582;0;0.634;0.014;0.264;0.294974582;0.634;0.278;0.540994636
13206;Marseille 6e Arrondissement;303;132060303;Julien;H;0.099;0.001;0.217441985;0.012;0.676;0.013;0.254;0.218441985;0.688;0.267;0.525432203
13206;Marseille 6e Arrondissement;502;132060502;Salvator;H;0.121;0.001;0.245765568;0;0.674;0.009;0.25;0.246765568;0.674;0.259;0.52836697
13204;Marseille 4e Arrondissement;205;132040205;Le Dome;A;0.088;0;0.192299306;0.031;0.902;0.011;0.149;0.192299306;0.933;0.16;0.577345035
13204;Marseille 4e Arrondissement;302;132040302;Flemming-Garderie;H;0.15;0;0.076997973;0.054;0.758;0.009;0.177;0.076997973;0.812;0.186;0.47974447
13204;Marseille 4e Arrondissement;303;132040303;Guigou;H;0.206;0;0.055333586;0.01;0.723;0.011;0.169;0.055333586;0.733;0.18;0.430241672
13213;Marseille 13e Arrondissement;1004;132131004;Daudet Perrin;H;0.255;0;0.079724413;0.003;0.836;0.011;0.155;0.079724413;0.839;0.166;0.484258498
13201;Marseille 1er Arrondissement;101;132010101;La Bourse;A;0.124;0;0.247510444;0.128;0.902;0.012;0.283;0.247510444;1.03;0.295;0.710639337
13201;Marseille 1er Arrondissement;401;132010401;Saint-Ferréol;A;0.063;0.001;0.309380881;0;0.547;0.011;0.285;0.310380881;0.547;0.296;0.516121872
13201;Marseille 1er Arrondissement;402;132010402;d'Estienne d'Orves;H;0.131;0.001;0.260479801;0;0.734;0.017;0.29;0.261479801;0.734;0.307;0.58531848
13211;Marseille 11e Arrondissement;502;132110502;Les Collines de la Millière;D;1.764;0;8.56E-05;0;0.422;0;0.006;8.56E-05;0.422;0.006;0.179513317
13070;La Penne-sur-Huveaune;101;130700101;Ouest;H;0.001;0.022;0;0;0.048;0.234;0.159;0.022;0.048;0.393;0.195717036
13070;La Penne-sur-Huveaune;102;130700102;Sud;H;0.001;0.029;0;0;0;0.222;0.122;0.029;0;0.344;0.153948157
13211;Marseille 11e Arrondissement;501;132110501;La Millière;H;0.868;0;0.018788833;0.022;0.705;0.003;0.026;0.018788833;0.727;0.029;0.340417813
13005;Aubagne;601;130050601;Longuillar;H;0;0.137;0;0;0.048;0.163;0;0.137;0.048;0.163;0.142345691
13210;Marseille 10e Arrondissement;401;132100401;Gardanne-Fauvière;H;0.246;0;0.06216484;0.111;0.899;0.01;0.125;0.06216484;1.01;0.135;0.541082935
13210;Marseille 10e Arrondissement;402;132100402;Queyrel;H;0.442;0;0.054304743;0.087;0.901;0.005;0.114;0.054304743;0.988;0.119;0.519799326
13210;Marseille 10e Arrondissement;403;132100403;Château Saint-Cyr;H;0.192;0;0.045649266;0.328;0.957;0.009;0.089;0.045649266;1.285;0.098;0.643873559
13211;Marseille 11e Arrondissement;604;132110604;Pommeraie-Saint-Jean;H;0.255;0;0.039442086;0.014;0.684;0.008;0.116;0.039442086;0.698;0.124;0.380633471
13211;Marseille 11e Arrondissement;605;132110605;La Mazenode;H;0.255;0;0.044858113;0.003;0.815;0.007;0.103;0.044858113;0.818;0.11;0.432341499
13214;Marseille 14e Arrondissement;603;132140603;Roches Claires;D;1.404;0;8.72E-05;0;0.445;0.001;0;8.72E-05;0.445;0.001;0.18786784
13215;Marseille 15e Arrondissement;102;132150102;Le Castellas;H;0.129;0;0.054006443;0.007;0.807;0.008;0.062;0.054006443;0.814;0.07;0.416166886
13214;Marseille 14e Arrondissement;601;132140601;Fontainieu;H;1.049;0;0.016310494;0.02;0.784;0.003;0.039;0.016310494;0.804;0.042;0.381036498
13214;Marseille 14e Arrondissement;602;132140602;Grand Séminaire;H;0.535;0;0.034379167;0.117;0.953;0.007;0.079;0.034379167;1.07;0.086;0.533292727
13215;Marseille 15e Arrondissement;602;132150602;Maurelette;H;0.264;0;0.039639525;0.115;0.958;0.005;0.075;0.039639525;1.073;0.08;0.534341756
13214;Marseille 14e Arrondissement;701;132140701;Anatole de la Forge;H;2.014;0;0.01934716;0.011;0.835;0.003;0.066;0.01934716;0.846;0.069;0.414468617
13204;Marseille 4e Arrondissement;104;132040104;Blancarde Rougier;H;0.117;0.001;0.11777644;0.053;0.863;0.01;0.215;0.11877644;0.916;0.225;0.565499907
13204;Marseille 4e Arrondissement;105;132040105;Poucel Blancarde;H;0.137;0.001;0.108262999;0;0.713;0.007;0.224;0.109262999;0.713;0.231;0.469657298
13204;Marseille 4e Arrondissement;402;132040402;Maréchal Fayolle;H;0.108;0.001;0.18960994;0;0.72;0.008;0.219;0.19060994;0.72;0.227;0.5088026
13212;Marseille 12e Arrondissement;404;132120404;Pervenches-Provence-Hopkinson;H;0.266;0;0.048880844;0.054;0.85;0.006;0.208;0.048880844;0.904;0.214;0.522387187
13208;Marseille 8e Arrondissement;801;132080801;Parc Chanot;D;0.448;0;0.236513144;0.122;0.841;0.005;0.15;0.236513144;0.963;0.155;0.609467084
13208;Marseille 8e Arrondissement;404;132080404;Crémieux Vallence;H;0.137;0;0.139821342;0.018;0.843;0.007;0.197;0.139821342;0.861;0.204;0.539995321
13208;Marseille 8e Arrondissement;703;132080703;Rabatau;H;0.239;0;0.137051269;0.028;0.857;0.005;0.168;0.137051269;0.885;0.173;0.535461043
13208;Marseille 8e Arrondissement;802;132080802;Grand Saint-Giniez;H;0.146;0.001;0.095580032;0.148;0.977;0.007;0.136;0.096580032;1.125;0.143;0.614139114
13208;Marseille 8e Arrondissement;803;132080803;Orado-Carmagnole;H;0.211;0;0.096578367;0;0.791;0.008;0.131;0.096578367;0.791;0.139;0.457272996
13208;Marseille 8e Arrondissement;806;132080806;Provence-Île-de-France;H;0.29;0;0.079322876;0.117;0.93;0.006;0.141;0.079322876;1.047;0.147;0.57178679
13211;Marseille 11e Arrondissement;706;132110706;Les Collines de Saint-Marcel;D;3.08;0;0.000222038;0;0.069;0;0;0.000222038;0.069;0;0.012965214
13210;Marseille 10e Arrondissement;404;132100404;Lycée Est-Saint-Cyr;H;0.136;0;0.06442461;0.007;0.711;0.006;0.082;0.06442461;0.718;0.088;0.384802248
13210;Marseille 10e Arrondissement;405;132100405;Chanteperdrix-Trois Ponts;H;0.393;0;0.027573732;0.009;0.586;0.007;0.072;0.027573732;0.595;0.079;0.306438783
13205;Marseille 5e Arrondissement;202;132050202;Monte-Christo-Camas;H;0.122;0.001;0.168028989;0.045;0.767;0.009;0.232;0.169028989;0.812;0.241;0.547981367
13205;Marseille 5e Arrondissement;203;132050203;Eugène Pierre;H;0.093;0.001;0.182923999;0.022;0.626;0.009;0.246;0.183923999;0.648;0.255;0.485279323
13205;Marseille 5e Arrondissement;204;132050204;Chave-Abbé de l'Épée;H;0.076;0.001;0.186676668;0;0.634;0.012;0.235;0.187676668;0.634;0.247;0.476810761
13205;Marseille 5e Arrondissement;205;132050205;La Plaine;H;0.079;0.001;0.158170808;0.053;0.855;0.009;0.278;0.159170808;0.908;0.287;0.609308207
13205;Marseille 5e Arrondissement;103;132050103;Hôpital La Timone;A;0.247;0;0.188948119;0.033;0.855;0.008;0.157;0.188948119;0.888;0.165;0.557225808
13210;Marseille 10e Arrondissement;104;132100104;Aciéries-Curtel;A;0.698;0;0.075652495;0.01;0.682;0.005;0.114;0.075652495;0.692;0.119;0.392333587
13210;Marseille 10e Arrondissement;603;132100603;Cimetière Saint-Pierre;D;0.704;0;0.007701998;0.001;0.421;0.005;0.114;0.007701998;0.422;0.119;0.235491218
13210;Marseille 10e Arrondissement;101;132100101;Mireille Lauze-Vert Clos;H;0.173;0.001;0.086336457;0.107;0.848;0.006;0.115;0.087336457;0.955;0.121;0.520742241
13210;Marseille 10e Arrondissement;102;132100102;Benjamin Delessert;H;0.211;0;0.102639359;0.05;0.846;0.009;0.115;0.102639359;0.896;0.124;0.501854773
13210;Marseille 10e Arrondissement;302;132100302;Hippodrome Vivaux;H;0.599;0;0.060783425;0.146;0.973;0.006;0.119;0.060783425;1.119;0.125;0.586387589
13210;Marseille 10e Arrondissement;601;132100601;Cabassud-Mireille Lauze;H;0.389;0;0.036204747;0.036;0.872;0.005;0.116;0.036204747;0.908;0.121;0.475199447
13210;Marseille 10e Arrondissement;602;132100602;Mathurin-Timone;H;0.207;0.001;0.093561588;0;0.744;0.007;0.144;0.094561588;0.744;0.151;0.440093559
13201;Marseille 1er Arrondissement;102;132010102;Thubaneau;H;0.064;0.001;0.290540855;0.005;0.663;0.015;0.27;0.291540855;0.668;0.285;0.558429093
13201;Marseille 1er Arrondissement;103;132010103;Colbert-Providence;H;0.08;0.001;0.248987189;0;0.752;0.014;0.281;0.249987189;0.752;0.295;0.582769366
13201;Marseille 1er Arrondissement;201;132010201;Gambetta;H;0.091;0.001;0.226927105;0;0.766;0.011;0.257;0.227927105;0.766;0.268;0.566498028
13201;Marseille 1er Arrondissement;601;132010601;Gymnase;H;0.12;0.001;0.223243354;0.06;0.845;0.007;0.251;0.224243354;0.905;0.258;0.62465713
13202;Marseille 2e Arrondissement;101;132020101;Arenc;A;2.169;0;0.056721914;0.002;0.8;0.003;0.089;0.056721914;0.802;0.092;0.422068119
13216;Marseille 16e Arrondissement;402;132160402;Bassins Mirabeau;A;0.55;0;0.015131843;0;0.741;0.002;0.313;0.015131843;0.741;0.315;0.477950204
13215;Marseille 15e Arrondissement;401;132150401;Consolat;H;0.55;0;0.037845341;0.268;0.951;0.005;0.08;0.037845341;1.219;0.085;0.603587974
13216;Marseille 16e Arrondissement;401;132160401;Mourepiane;H;0.407;0;0.036563562;0.008;0.749;0.006;0.079;0.036563562;0.757;0.085;0.388579525
13215;Marseille 15e Arrondissement;402;132150402;Cap Janet;H;0.56;0;0.061116727;0.008;0.837;0.005;0.066;0.061116727;0.845;0.071;0.434317916
13215;Marseille 15e Arrondissement;902;132150902;Campagne Lévêque-Abattoirs;H;0.408;0;0.05488741;0.145;0.909;0.006;0.105;0.05488741;1.054;0.111;0.546987463
13215;Marseille 15e Arrondissement;1002;132151002;La Castellane;H;0.224;0;0.04847562;0.063;0.835;0.007;0.07;0.04847562;0.898;0.077;0.455833016
13204;Marseille 4e Arrondissement;403;132040403;Chape;H;0.187;0.001;0.162943686;0.01;0.779;0.004;0.247;0.163943686;0.789;0.251;0.539588002
13210;Marseille 10e Arrondissement;301;132100301;Pont de Vivaux-Icard;H;0.271;0;0.063185503;0.019;0.787;0.005;0.132;0.063185503;0.806;0.137;0.447808695
13209;Marseille 9e Arrondissement;803;132090803;Romain Rolland-Claudel;H;0.228;0;0.067017555;0.216;0.904;0.007;0.124;0.067017555;1.12;0.131;0.592529531
13214;Marseille 14e Arrondissement;103;132140103;Marché d'Intérêt National Gay Lussac;A;1.026;0;0.06682593;0.021;0.557;0.003;0.125;0.06682593;0.578;0.128;0.339506832
13214;Marseille 14e Arrondissement;702;132140702;Camp Militaire;A;0.376;0;0.017746719;0.002;0.702;0.005;0.128;0.017746719;0.704;0.133;0.37752616
13214;Marseille 14e Arrondissement;101;132140101;Finat Duclos;H;0.359;0;0.048833971;0.009;0.861;0.006;0.138;0.048833971;0.87;0.144;0.474099173
13214;Marseille 14e Arrondissement;102;132140102;Vieux Moulin;H;0.111;0;0.04554816;0.005;0.551;0.008;0.101;0.04554816;0.556;0.109;0.310603803
13214;Marseille 14e Arrondissement;505;132140505;Picon-Font Vert;H;0.185;0;0.03766887;0.032;0.823;0.008;0.154;0.03766887;0.855;0.162;0.470309761
13204;Marseille 4e Arrondissement;106;132040106;Beausoleil;H;0.222;0;0.065521485;0.11;0.881;0.008;0.202;0.065521485;0.991;0.21;0.568630274
13212;Marseille 12e Arrondissement;301;132120301;Petit Bosquet;H;0.303;0;0.056859461;0;0.781;0.005;0.175;0.056859461;0.781;0.18;0.453226564
13212;Marseille 12e Arrondissement;302;132120302;Prés Fleuris;H;0.364;0;0.04364728;0.18;0.904;0.006;0.16;0.04364728;1.084;0.166;0.581219319
13212;Marseille 12e Arrondissement;401;132120401;Bois Luzy-Jean Rameau;H;0.496;0;0.032820032;0.126;0.944;0.007;0.144;0.032820032;1.07;0.151;0.562735547
13212;Marseille 12e Arrondissement;403;132120403;Hagueneau-Garoutte;H;0.338;0;0.049868394;0.011;0.739;0.006;0.185;0.049868394;0.75;0.191;0.440700046
13213;Marseille 13e Arrondissement;1005;132131005;Les Floralies-Beau Plan;H;0.321;0;0.040117728;0.055;0.86;0.005;0.141;0.040117728;0.915;0.146;0.491866613
13203;Marseille 3e Arrondissement;201;132030201;Général Leclerc;A;0.046;0;0.24714391;0;0.808;0.013;0.27;0.24714391;0.808;0.283;0.601870145
13201;Marseille 1er Arrondissement;505;132010505;Saint-Charles-Gare;A;0.135;0;0.086006816;0.007;0.791;0.008;0.273;0.086006816;0.798;0.281;0.521517453
13203;Marseille 3e Arrondissement;202;132030202;Les Facultés;H;0.157;0.001;0.205853138;0.033;0.854;0.004;0.269;0.206853138;0.887;0.273;0.615194059
13203;Marseille 3e Arrondissement;204;132030204;Le Racati;H;0.137;0.001;0.1230128;0.114;0.957;0.012;0.268;0.1240128;1.071;0.28;0.665390812
13201;Marseille 1er Arrondissement;504;132010504;Saint-Charles-Guibal;H;0.276;0;0.076800956;0.035;0.908;0.004;0.241;0.076800956;0.943;0.245;0.567831779
13212;Marseille 12e Arrondissement;405;132120405;Hespérides-Haïti;H;0.172;0;0.051465283;0.089;0.946;0.008;0.158;0.051465283;1.035;0.166;0.562106809
13213;Marseille 13e Arrondissement;302;132130302;Malpasse-Roubaix;H;0.246;0;0.095363322;0.068;0.934;0.007;0.157;0.095363322;1.002;0.164;0.566236377
13213;Marseille 13e Arrondissement;1002;132131002;La Mongrane;H;0.292;0;0.052726872;0.046;0.803;0.005;0.158;0.052726872;0.849;0.163;0.474977666
13213;Marseille 13e Arrondissement;1003;132131003;Lacordaire;H;0.318;0;0.041731745;0.104;0.898;0.007;0.176;0.041731745;1.002;0.183;0.550163909
13213;Marseille 13e Arrondissement;1006;132131006;Corot;H;0.156;0;0.056145949;0.062;0.798;0.009;0.169;0.056145949;0.86;0.178;0.48863102
13214;Marseille 14e Arrondissement;405;132140405;Vallon Dol;D;2.817;0;0.000285705;0;0.036;0.001;0.004;0.000285705;0.036;0.005;0
13214;Marseille 14e Arrondissement;703;132140703;Carrière de Sainte-Marthe;D;0.456;0;0;0;0.434;0.001;0.006;0;0.434;0.007;0.185506865
13002;Allauch;105;130020105;La Pounche-Les Aubagnens;H;0.001;0.043;1;0;0.666;0.099;0.388;1.043;0.666;0.487;1
13213;Marseille 13e Arrondissement;202;132130202;Delprat;H;0.495;0;0.03808174;0.073;0.944;0.005;0.087;0.03808174;1.017;0.092;0.513198449
13213;Marseille 13e Arrondissement;602;132130602;La Marie;H;0.684;0;0.02229103;0.033;0.739;0.006;0.043;0.02229103;0.772;0.049;0.37220959
13213;Marseille 13e Arrondissement;603;132130603;Les Olives Village;H;0.487;0;0.027764465;0.011;0.788;0.007;0.06;0.027764465;0.799;0.067;0.395634243
13201;Marseille 1er Arrondissement;203;132010203;Vierge Dorée;H;0.055;0.001;0.24737459;0;0.673;0.012;0.276;0.24837459;0.673;0.288;0.542108477
13204;Marseille 4e Arrondissement;304;132040304;Pautrier;H;0.191;0;0.110390218;0.001;0.729;0.005;0.228;0.110390218;0.73;0.233;0.478998313
13201;Marseille 1er Arrondissement;502;132010502;Longchamp;H;0.074;0.001;0.211183689;0;0.661;0.006;0.239;0.212183689;0.661;0.245;0.499786903
13201;Marseille 1er Arrondissement;503;132010503;Flammarion;H;0.092;0.001;0.187149333;0.002;0.654;0.005;0.242;0.188149333;0.656;0.247;0.487240295
13215;Marseille 15e Arrondissement;104;132150104;Vallon Giraudy;D;1.361;0;0.000251069;0;0.085;0.001;0.01;0.000251069;0.085;0.011;0.025509351
13215;Marseille 15e Arrondissement;101;132150101;H.L.M. Aygalades;H;0.324;0;0.045698955;0.038;0.816;0.006;0.098;0.045698955;0.854;0.104;0.446654692
13215;Marseille 15e Arrondissement;201;132150201;La Savine;H;0.275;0;0.020698448;0.044;0.886;0.004;0.049;0.020698448;0.93;0.053;0.446654457
13215;Marseille 15e Arrondissement;603;132150603;La Dauphine-Tilleuls;H;0.276;0;0.027706409;0.238;0.945;0.008;0.087;0.027706409;1.183;0.095;0.586815945
13206;Marseille 6e Arrondissement;401;132060401;Pierre Puget;A;0.126;0;0.258012662;0;0.814;0.008;0.26;0.258012662;0.814;0.268;0.60273743
13202;Marseille 2e Arrondissement;301;132020301;Quai du Port;H;0.128;0;0.142874075;0.011;0.817;0.016;0.263;0.142874075;0.828;0.279;0.560904234
13206;Marseille 6e Arrondissement;201;132060201;Delphes-Toulon;A;0.013;0.001;0.14168783;0;0.844;0.014;0.203;0.14268783;0.844;0.217;0.539469259
13206;Marseille 6e Arrondissement;103;132060103;Castellane-Italie;H;0.104;0.001;0.249471064;0;0.672;0.009;0.239;0.250471064;0.672;0.248;0.524053403
13206;Marseille 6e Arrondissement;204;132060204;Marengo-Lodi;H;0.128;0.001;0.201495428;0.015;0.77;0.008;0.239;0.202495428;0.785;0.247;0.553767024
13211;Marseille 11e Arrondissement;202;132110202;Les Collines de la Barasse;D;5.321;0;4.67E-05;0;0.212;0;0;4.67E-05;0.212;0;0.079249969
13022;Cassis;104;130220104;Périphérie;H;0.002;0.013;0;0;0.005;0.255;0;0.013;0.005;0.255;0.107538292
13209;Marseille 9e Arrondissement;301;132090301;Carpiagne;H;10.269;0;0.002017082;0.002;0.211;0;0;0.002017082;0.213;0;0.080628498
13210;Marseille 10e Arrondissement;505;132100505;Castel Roc;H;2.162;0;0.005788326;0.003;0.434;0.001;0;0.005788326;0.437;0.001;0.186800924
13216;Marseille 16e Arrondissement;104;132160104;Saumaty;A;0.345;0;0.025406686;0.16;0.972;0.006;0.08;0.025406686;1.132;0.086;0.557902727
13216;Marseille 16e Arrondissement;102;132160102;Château Fallet;H;0.244;0;0.049969974;0.04;0.778;0.013;0.063;0.049969974;0.818;0.076;0.418934552
13216;Marseille 16e Arrondissement;103;132160103;Fenouil Sacoman;H;0.166;0;0.061486757;0;0.725;0.013;0.076;0.061486757;0.725;0.089;0.387151584
13210;Marseille 10e Arrondissement;406;132100406;Jardins-Saint-Thys;H;0.297;0;0.040620508;0.014;0.82;0.007;0.115;0.040620508;0.834;0.122;0.443369594
13213;Marseille 13e Arrondissement;301;132130301;Oliviers-Lauriers;H;0.291;0;0.049506573;0.109;0.891;0.01;0.168;0.049506573;1;0.178;0.550523506
13213;Marseille 13e Arrondissement;304;132130304;Les Cèdres-Cyprès;H;0.094;0;0.037956331;0.066;0.852;0.011;0.169;0.037956331;0.918;0.18;0.508035162
13206;Marseille 6e Arrondissement;101;132060101;Escat-Saint-Adrien;H;0.135;0.001;0.182346118;0;0.753;0.006;0.197;0.183346118;0.753;0.203;0.509608358
13206;Marseille 6e Arrondissement;102;132060102;Fiolle-Castellane;H;0.101;0.001;0.214962188;0;0.74;0.007;0.229;0.215962188;0.74;0.236;0.534027405
13206;Marseille 6e Arrondissement;601;132060601;Torrents-Escat;H;0.144;0.001;0.208693385;0.023;0.745;0.007;0.23;0.209693385;0.768;0.237;0.544576923
13202;Marseille 2e Arrondissement;202;132020202;Les Carmes;H;0.057;0.001;0.219741106;0.011;0.804;0.02;0.266;0.220741106;0.815;0.286;0.594257626
13202;Marseille 2e Arrondissement;203;132020203;Dames;H;0.07;0.001;0.228734897;0.003;0.773;0.014;0.235;0.229734897;0.776;0.249;0.563160134
13202;Marseille 2e Arrondissement;204;132020204;Panier;H;0.042;0.001;0.238905679;0.001;0.548;0.031;0.225;0.239905679;0.549;0.256;0.465778677
13202;Marseille 2e Arrondissement;205;132020205;Charité République;H;0.058;0.001;0.256841092;0.013;0.761;0.017;0.206;0.257841092;0.774;0.223;0.563209419
13202;Marseille 2e Arrondissement;401;132020401;L'Évêché-Les Docks;H;0.553;0;0.161298965;0.036;0.895;0.007;0.167;0.161298965;0.931;0.174;0.568527003
13202;Marseille 2e Arrondissement;404;132020404;Mazenod-République;H;0.05;0.001;0.289593753;0;0.697;0.016;0.201;0.290593753;0.697;0.217;0.539889697
13209;Marseille 9e Arrondissement;401;132090401;Michelet-Blanc;H;0.419;0;0.049767843;0.116;0.932;0.007;0.135;0.049767843;1.048;0.142;0.556213945
13208;Marseille 8e Arrondissement;902;132080902;Haïfa-Bartoli;H;0.287;0;0.052134532;0.28;0.979;0.009;0.133;0.052134532;1.259;0.142;0.655237137
13208;Marseille 8e Arrondissement;903;132080903;Barral-Bonnet;H;0.392;0;0.05906055;0.016;0.772;0.005;0.106;0.05906055;0.788;0.111;0.42547397
13208;Marseille 8e Arrondissement;904;132080904;Le Corbusier;H;0.252;0;0.068461176;0.249;0.866;0.008;0.132;0.068461176;1.115;0.14;0.595055908
13201;Marseille 1er Arrondissement;202;132010202;Joseph Thierry;H;0.092;0.001;0.235714175;0.02;0.78;0.012;0.263;0.236714175;0.8;0.275;0.58960414
13201;Marseille 1er Arrondissement;501;132010501;Madeleine;H;0.048;0.001;0.223925778;0;0.625;0.007;0.234;0.224925778;0.625;0.241;0.487136543
13201;Marseille 1er Arrondissement;602;132010602;Les Réformés;H;0.076;0.001;0.238826682;0;0.757;0.01;0.261;0.239826682;0.757;0.271;0.569236014
13208;Marseille 8e Arrondissement;401;132080401;Farges-Périer;H;0.086;0.001;0.193254831;0;0.685;0.005;0.21;0.194254831;0.685;0.215;0.488681552
13208;Marseille 8e Arrondissement;405;132080405;Cadenelle;H;0.395;0;0.053176924;0.055;0.791;0.003;0.154;0.053176924;0.846;0.157;0.471009647
13208;Marseille 8e Arrondissement;406;132080406;Les Boucles Périer;H;0.385;0;0.059913264;0.021;0.775;0.005;0.181;0.059913264;0.796;0.186;0.464389901
13206;Marseille 6e Arrondissement;402;132060402;Saint-Jacques-Breteuil;H;0.092;0.001;0.247498031;0;0.609;0.007;0.264;0.248498031;0.609;0.271;0.504573775
13206;Marseille 6e Arrondissement;403;132060403;Aune-Puget;H;0.106;0.001;0.157051319;0;0.733;0.011;0.277;0.158051319;0.733;0.288;0.528035488
13207;Marseille 7e Arrondissement;402;132070402;Les Catalans;H;0.221;0;0.084573774;0.021;0.843;0.006;0.129;0.084573774;0.864;0.135;0.483724488
13215;Marseille 15e Arrondissement;304;132150304;Lyon Mazarade;A;0.297;0;0.081481176;0.332;0.84;0.004;0.12;0.081481176;1.172;0.124;0.620126517
13215;Marseille 15e Arrondissement;604;132150604;Z.I. La Delorme;A;0.276;0;0.061960545;0.001;0.619;0.002;0.115;0.061960545;0.62;0.117;0.351635872
13215;Marseille 15e Arrondissement;501;132150501;Zoccolat;H;0.253;0;0.087965904;0.006;0.756;0.008;0.141;0.087965904;0.762;0.149;0.444458089
13215;Marseille 15e Arrondissement;601;132150601;Germaine-Servières;H;0.4;0;0.02882122;0.026;0.739;0.01;0.093;0.02882122;0.765;0.103;0.397052879
13210;Marseille 10e Arrondissement;202;132100202;Parc du Prado;D;0.154;0;0.004969143;1;0.815;0.018;0.184;0.004969143;1.815;0.202;0.919232514
13208;Marseille 8e Arrondissement;702;132080702;Roger Renzo;H;0.149;0.001;0.214555319;0;0.561;0.007;0.19;0.215555319;0.561;0.197;0.432665071
13215;Marseille 15e Arrondissement;706;132150706;Édouard Toulouse;A;0.267;0;0.024015443;0.02;0.791;0.005;0.06;0.024015443;0.811;0.065;0.398535314
13071;Les Pennes-Mirabeau;105;130710105;Cadeneaux Est;H;0;0.082;0;0;0;0.407;0.422;0.082;0;0.829;0.403633232
13071;Les Pennes-Mirabeau;109;130710109;Basse Gavotte;H;0.001;0.026;0.016021332;0;0.076;0.131;0.865;0.042021332;0.076;0.996;0.497855159
13215;Marseille 15e Arrondissement;703;132150703;Baumillons;H;0.862;0;0.03533202;0.056;0.912;0.004;0.05;0.03533202;0.968;0.054;0.471545725
13215;Marseille 15e Arrondissement;705;132150705;Fabrettes Bourrely;H;0.587;0;0.026701786;0.002;0.736;0.007;0.052;0.026701786;0.738;0.059;0.363118249
13215;Marseille 15e Arrondissement;802;132150802;Palanque-Vallon des Tuves;H;0.9;0;0.015493659;0.046;0.9;0.005;0.076;0.015493659;0.946;0.081;0.464659262
13215;Marseille 15e Arrondissement;1003;132151003;Verduron Village;H;0.938;0;0.016440405;0.004;0.597;0.003;0.041;0.016440405;0.601;0.044;0.28781296
13201;Marseille 1er Arrondissement;104;132010104;Bernard du Bois;H;0.109;0.001;0.240297462;0.057;0.842;0.012;0.278;0.241297462;0.899;0.29;0.644638484
13214;Marseille 14e Arrondissement;403;132140403;Santa Cruz;H;0.132;0;0.047481428;0.025;0.822;0.005;0.144;0.047481428;0.847;0.149;0.465117684
13214;Marseille 14e Arrondissement;404;132140404;Château Vento;H;0.538;0;0.026325288;0.047;0.872;0.005;0.137;0.026325288;0.919;0.142;0.485465561
13212;Marseille 12e Arrondissement;305;132120305;Sénafrica;H;0.439;0;0.031214941;0.048;0.856;0.005;0.122;0.031214941;0.904;0.127;0.473811882
13207;Marseille 7e Arrondissement;702;132070702;Corderie;H;0.112;0.001;0.191395504;0.232;0.91;0.011;0.247;0.192395504;1.142;0.258;0.719867967
13209;Marseille 9e Arrondissement;102;132090102;Morgiou-Hauts de Mazargues;H;0.986;0;0.020365715;0.001;0.659;0.004;0.056;0.020365715;0.66;0.06;0.32444209
13215;Marseille 15e Arrondissement;502;132150502;Cap Pinède;A;0.417;0;0.090395181;0.008;0.861;0.003;0.131;0.090395181;0.869;0.134;0.48828259
13215;Marseille 15e Arrondissement;301;132150301;Oddo;H;0.168;0.001;0.10008562;0;0.662;0.007;0.111;0.10108562;0.662;0.118;0.389750009
13215;Marseille 15e Arrondissement;302;132150302;Denis Papin;H;0.286;0;0.081803339;0.001;0.744;0.004;0.114;0.081803339;0.745;0.118;0.419321316
13215;Marseille 15e Arrondissement;303;132150303;Bernabo;H;0.226;0;0.062327157;0.096;0.917;0.006;0.1;0.062327157;1.013;0.106;0.529091701
13214;Marseille 14e Arrondissement;502;132140502;Fontobscure;H;0.525;0;0.035874839;0.221;0.961;0.005;0.172;0.035874839;1.182;0.177;0.628198893
13213;Marseille 13e Arrondissement;1001;132131001;Saint-Paul Corot;H;0.142;0;0.048906815;0.381;0.854;0.008;0.179;0.048906815;1.235;0.187;0.66348523
13210;Marseille 10e Arrondissement;408;132100408;Mont Rouvière;D;1.56;0;0.002117916;0.019;0.387;0.001;0.013;0.002117916;0.406;0.014;0.176743716
13206;Marseille 6e Arrondissement;301;132060301;Bergers;H;0.078;0.001;0.189673731;0;0.734;0.008;0.241;0.190673731;0.734;0.249;0.525539756
13206;Marseille 6e Arrondissement;302;132060302;Tilsit-Blanqui;H;0.089;0.001;0.179741761;0;0.578;0.011;0.245;0.180741761;0.578;0.256;0.451779643
13211;Marseille 11e Arrondissement;301;132110301;Les Camoins;H;2.858;0;0.014385071;0.009;0.783;0.003;0.049;0.014385071;0.792;0.052;0.379214714
13211;Marseille 11e Arrondissement;401;132110401;Éoures;H;1.368;0;0.010343477;0.004;0.558;0.002;0.014;0.010343477;0.562;0.016;0.253888775
13005;Aubagne;702;130050702;Garlaban-Royante;H;0.002;0.008;0.011082662;0;0.086;0.236;0.269;0.019082662;0.086;0.505;0.263977901
13211;Marseille 11e Arrondissement;801;132110801;Saint-Menet;H;1.89;0;0.010941979;0.114;0.817;0.003;0.04;0.010941979;0.931;0.043;0.437949605
13211;Marseille 11e Arrondissement;901;132110901;La Treille;H;1.609;0;0.008253806;0.001;0.637;0.002;0.016;0.008253806;0.638;0.018;0.289118656
13106;Septèmes-les-Vallons;101;131060101;Fabregoules-Caillols-Rougière-Peyrards;H;0.006;0.005;0.004420601;0;0.261;0.126;0.975;0.009420601;0.261;1.101;0.617313812
13202;Marseille 2e Arrondissement;303;132020303;Hôtel-Dieu;H;0.091;0.001;0.225832861;0.014;0.68;0.022;0.243;0.226832861;0.694;0.265;0.531182792
13208;Marseille 8e Arrondissement;501;132080501;La Plage;H;0.576;0;0.04529681;0.023;0.699;0.004;0.07;0.04529681;0.722;0.074;0.371284075
13208;Marseille 8e Arrondissement;804;132080804;Milan-Gabès;H;0.265;0;0.054872641;0.325;0.905;0.006;0.113;0.054872641;1.23;0.119;0.63237476
13205;Marseille 5e Arrondissement;303;132050303;Arago-Brochier;H;0.077;0.001;0.157284604;0;0.595;0.008;0.223;0.158284604;0.595;0.231;0.437644518
13209;Marseille 9e Arrondissement;702;132090702;Sormiou-Cayolle;H;0.453;0;0.038005139;0.008;0.797;0.005;0.041;0.038005139;0.805;0.046;0.393425447
13213;Marseille 13e Arrondissement;901;132130901;Lilas-Oliviers;H;0.059;0.001;0.093420749;0;0.805;0.006;0.176;0.094420749;0.805;0.182;0.482725272
13212;Marseille 12e Arrondissement;303;132120303;Plateau de Montolivet;H;0.691;0;0.029247594;0.068;0.855;0.005;0.128;0.029247594;0.923;0.133;0.484501305
13107;Simiane-Collongue;102;131070102;Hameau;H;0.001;0.03;0;0;0;0.177;0;0.03;0;0.177;0.076907781
13206;Marseille 6e Arrondissement;602;132060602;Vauban-Fénelon;H;0.089;0.001;0.205776045;0.008;0.61;0.008;0.256;0.206776045;0.618;0.264;0.486138855
13206;Marseille 6e Arrondissement;604;132060604;Martinique;H;0.137;0.001;0.118739252;0.162;0.855;0.009;0.221;0.119739252;1.017;0.23;0.615141205
13210;Marseille 10e Arrondissement;103;132100103;Saint-Jean-Curtel;H;0.163;0.001;0.140000481;0;0.753;0.008;0.109;0.141000481;0.753;0.117;0.45004332
13209;Marseille 9e Arrondissement;801;132090801;Métro Dromel;H;0.433;0;0.054482029;0.058;0.907;0.006;0.131;0.054482029;0.965;0.137;0.517561111
13209;Marseille 9e Arrondissement;802;132090802;La Pauline;H;0.087;0.001;0.067842707;0.135;0.856;0.008;0.124;0.068842707;0.991;0.132;0.533971954
13203;Marseille 3e Arrondissement;306;132030306;Bellevue-Pyat;H;0.028;0.001;0.11386406;0.043;0.868;0.018;0.166;0.11486406;0.911;0.184;0.542335639
13208;Marseille 8e Arrondissement;1004;132081004;Centre Vie Bonneveine;A;0.159;0;0.100742942;0.032;0.828;0.01;0.119;0.100742942;0.86;0.129;0.48658759
13208;Marseille 8e Arrondissement;102;132080102;Hambourg Sablier;H;0.385;0;0.049572642;0.112;0.933;0.006;0.1;0.049572642;1.045;0.106;0.538023505
13208;Marseille 8e Arrondissement;1002;132081002;Goumier-Berneix;H;0.348;0;0.045673987;0.053;0.76;0.007;0.084;0.045673987;0.813;0.091;0.421581777
13212;Marseille 12e Arrondissement;406;132120406;Gasquy-Hugues-Garlaban;H;0.33;0;0.04170263;0.015;0.733;0.005;0.153;0.04170263;0.748;0.158;0.420666873
13208;Marseille 8e Arrondissement;905;132080905;Huveaune-Clot-Bey;A;0.346;0;0.05925157;0.277;0.855;0.005;0.12;0.05925157;1.132;0.125;0.591709939
13208;Marseille 8e Arrondissement;901;132080901;La Sérane;H;0.344;0;0.045402668;0.198;0.928;0.004;0.118;0.045402668;1.126;0.122;0.581105795
13209;Marseille 9e Arrondissement;804;132090804;Square Michelet;H;0.175;0;0.055668231;0.089;0.945;0.008;0.154;0.055668231;1.034;0.162;0.561736899
13215;Marseille 15e Arrondissement;701;132150701;La Solidarité;H;0.391;0;0.025136189;0.018;0.653;0.006;0.023;0.025136189;0.671;0.029;0.317374088
13215;Marseille 15e Arrondissement;702;132150702;Kalliste;H;0.21;0;0.02878318;0.012;0.828;0.003;0.032;0.02878318;0.84;0.035;0.400283916
13106;Septèmes-les-Vallons;103;131060103;Castors-Bedoule;H;0;1;0;0;0;1;0.045;1;0;1.045;0.929921104
13106;Septèmes-les-Vallons;104;131060104;Notre-Dame;H;0;0.09;0.094141176;0;0.056;0.239;0.201;0.184141176;0.056;0.44;0.296491963
13214;Marseille 14e Arrondissement;504;132140504;Busserine;H;0.156;0;0.052647864;0.129;0.94;0.008;0.154;0.052647864;1.069;0.162;0.576578603
13210;Marseille 10e Arrondissement;407;132100407;Grands Pins;H;0.172;0;0.048145131;0.005;0.65;0.011;0.103;0.048145131;0.655;0.114;0.360075314
13202;Marseille 2e Arrondissement;201;132020201;Montolieu;H;0.063;0.001;0.184195986;0;0.794;0.012;0.251;0.185195986;0.794;0.263;0.557340843
13203;Marseille 3e Arrondissement;203;132030203;Camille Pelletan;H;0.115;0.001;0.120973359;0.112;0.877;0.015;0.254;0.121973359;0.989;0.269;0.621283136
13208;Marseille 8e Arrondissement;103;132080103;Parc Borély;D;0.667;0;0.006410521;0.703;0.784;0.005;0.057;0.006410521;1.487;0.062;0.702703286
13208;Marseille 8e Arrondissement;101;132080101;Les Vagues;H;0.339;0;0.057735312;0.031;0.695;0.006;0.075;0.057735312;0.726;0.081;0.382161853
13202;Marseille 2e Arrondissement;302;132020302;Saint-Jean-Protis;H;0.126;0.001;0.129595548;0.121;0.91;0.019;0.207;0.130595548;1.031;0.226;0.624820583
13202;Marseille 2e Arrondissement;402;132020402;Albrand-Ponteves;H;0.028;0.002;0.296284887;0;0.639;0.011;0.203;0.298284887;0.639;0.214;0.515149124
13202;Marseille 2e Arrondissement;403;132020403;Forbin;H;0.061;0.001;0.227253397;0;0.653;0.01;0.225;0.228253397;0.653;0.235;0.498891057
13070;La Penne-sur-Huveaune;103;130700103;Centre et Nord;H;0.001;0.027;0.033252686;0;0.148;0.262;0.223;0.060252686;0.148;0.485;0.302576997
13212;Marseille 12e Arrondissement;402;132120402;Saint-Barnabé-Montaigne-Orangerie;H;0.308;0;0.063118293;0.014;0.785;0.006;0.149;0.063118293;0.799;0.155;0.452882589
13214;Marseille 14e Arrondissement;501;132140501;Les Flamants;H;0.072;0;0.059330022;0.033;0.767;0.01;0.16;0.059330022;0.8;0.17;0.458550036
13214;Marseille 14e Arrondissement;503;132140503;Centre Urbain;H;0.274;0;0.076052723;0.087;0.925;0.009;0.157;0.076052723;1.012;0.166;0.562843538
13088;Le Rove;0;130880000;Le Rove;Z;0.002;0.026;0;0;0.024;0.121;0.035;0.026;0.024;0.156;0.076443682
13075;Plan-de-Cuques;105;130750105;Nord;H;0.002;0.011;0;0;0.12;0.191;0.028;0.011;0.12;0.219;0.143273888
